{"cameraMode":{"drawMode":0,"name":"Shaded","section":"Shading Mode"},"sceneLighting":true,"audioPlay":false,"sceneViewState":{"showFog":true,"showMaterialUpdate":false,"showSkybox":true,"showFlares":true,"showImageEffects":true,"showParticleSystems":true},"in2DMode":false,"pivot":{"x":-15.790021896362305,"y":18.957168579101564,"z":0.5053888559341431},"rotation":{"x":-0.2050740122795105,"y":-0.7393090724945068,"z":0.2582491934299469,"w":-0.5870895981788635},"size":5.536727428436279,"orthographic":false}